type,title,link,,,,,,,,,,,,,,,,,,
Decreto-Lei n.º 39/2018,"Regime da prevenção e controlo das emissões de poluentes para o ar, e transpõe a Diretiva (UE) 2015/2193",https://diariodarepublica.pt/dr/legislacao-consolidada/decreto-lei/2018-115487895,,,,,,,,,,,,,,,,,,
Portaria n.º 190-B/2018,"Estabelece os valores limite de emissão (VLE) de aplicação setorial, os VLE aplicáveis a outras fontes não abrangidas por VLE de aplicação setorial, a metodologia de cálculo de VLE e teor de oxigénio aplicável à junção de efluentes e os VLE aplicáveis à queima simultânea de dois ou mais combustíveis",https://diariodarepublica.pt/dr/detalhe/portaria/190-b-2018-115631554,,,,,,,,,,,,,,,,,,
Portaria n.º 221/2018,"Estabelece a forma de transmissão e o conteúdo da informação relativa ao autocontrolo da monitorização em contínuo e pontual das emissões de poluentes para o ar, bem como a informação a reportar anualmente",https://diariodarepublica.pt/dr/detalhe/portaria/221-2018-115845096,,,,,,,,,,,,,,,,,,
Decreto-Lei n.º 127/2013,"Regime de emissões industriais aplicável à prevenção e ao controlo integrados da poluição e regras destinadas a evitar e ou reduzir as emissões para o ar, a água e o solo e a produção de resíduos",https://diariodarepublica.pt/dr/legislacao-consolidada/decreto-lei/2013-34581375,,,,,,,,,,,,,,,,,,
Decreto-Lei n.º 181/2006,"Estabelece o regime de limitação das emissões de compostos orgânicos voláteis (COV) resultantes da utilização de solventes orgânicos em determinadas tintas e vernizes e em produtos de retoque de veículos, transpondo para a ordem jurídica interna a Directiva n.º 2004/42/CE, do Parlamento Europeu e do Conselho, de 21 de Abril",https://diariodarepublica.pt/dr/detalhe/decreto-lei/181-2006-539980,,,,,,,,,,,,,,,,,,
Decreto-Lei n.º 146/2006,Avaliação e gestão do ruído ambiente,https://diariodarepublica.pt/dr/legislacao-consolidada/decreto-lei/2006-124539959,,,,,,,,,,,,,,,,,,
Portaria n.º 42/2023,Regime de avaliação e gestão do ruído ambiente,https://diariodarepublica.pt/dr/detalhe/portaria/42-2023-207229678,,,,,,,,,,,,,,,,,,
Decreto-Lei n.º 84/2018,Compromissos nacionais de redução das emissões de certos poluentes atmosféricos,https://diariodarepublica.pt/dr/detalhe/decreto-lei/84-2018-116747964,,,,,,,,,,,,,,,,,,
Portaria nº 280/2023,Captação de águas subterrâneas,https://diariodarepublica.pt/dr/detalhe/portaria/280-2023-221516383,,,,,,,,,,,,,,,,,,
Decreto-Lei n.º 152/97,Tratamento de águas residuais urbanas,https://diariodarepublica.pt/dr/legislacao-consolidada/decreto-lei/1997-75044039,,,,,,,,,,,,,,,,,,
Decreto-Lei n.º 102-D/2020,"Regime geral da gestão de resíduos, Regime jurídico da deposição de resíduos em aterro e alteração ao regime da gestão de fluxos específicos de resíduos",https://diariodarepublica.pt/dr/legislacao-consolidada/decreto-lei/2020-150908020,,,,,,,,,,,,,,,,,,
Decreto-Lei n.º 187/2006,Condições e procedimentos de segurança no âmbito dos sistemas de gestão de resíduos de embalagens e de resíduos de excedentes de produtos fitofarmacêuticos,https://diariodarepublica.pt/dr/detalhe/decreto-lei/187-2006-541635,,,,,,,,,,,,,,,,,,
Lei n.º 26/2013,"Atividades de distribuição, venda e aplicação de produtos fitofarmacêuticos para uso profissional e de adjuvantes de produtos fitofarmacêuticos e define os procedimentos de monitorização à utilização dos produtos fitofarmacêuticos",https://diariodarepublica.pt/dr/legislacao-consolidada/lei/2013-126731052,,,,,,,,,,,,,,,,,,
Portaria n.º 345/2015,Lista de resíduos com potencial de reciclagem e ou valorização,https://diariodarepublica.pt/dr/detalhe/portaria/345-2015-70508973,,,,,,,,,,,,,,,,,,
Portaria n.º 399/2015,"Elementos que devem instruir os procedimentos ambientais previstos no regime de Licenciamento Único de Ambiente, para atividades industriais ou similares a industriais, nomeadamente, operações de gestão de resíduos e centrais termoelétricas, exceto centrais solares",https://diariodarepublica.pt/dr/detalhe/portaria/399-2015-70920289,,,,,,,,,,,,,,,,,,
Decreto-Lei n.º 41-A/2010,"Regula o transporte terrestre, rodoviário e ferroviário, de mercadorias perigosas",https://diariodarepublica.pt/dr/legislacao-consolidada/decreto-lei/2010-70916272,,,,,,,,,,,,,,,,,,
Decreto-Lei n.º 206-A/2012,"Transporte terrestre, rodoviário e ferroviário, de mercadorias perigosas",https://diariodarepublica.pt/dr/detalhe/decreto-lei/206-a-2012-138983,,,,,,,,,,,,,,,,,,
Despacho n.º 1547/2022,"Determina os procedimentos técnicos para a realização do Programa de Monitorização
 e Tratamento da Qualidade da Água.",https://diariodarepublica.pt/dr/detalhe/despacho/1547-2022-178809170,,,,,,,,,,,,,,,,,,
Lei n. 52/2018,Estabelece o regime de prevenção e controlo da doença dos legionários,https://diariodarepublica.pt/dr/legislacao-consolidada/lei/2018-116125843,,,,,,,,,,,,,,,,,,
Decreto-Lei n.º 220/2012,"Assegura a execução na ordem jurídica interna das obrigações decorrentes do Regulamento (CE) n.º 1272/2008, do Parlamento Europeu e do Conselho, de 16 de dezembro, relativo à classificação, rotulagem e embalagem de substâncias e misturas, que altera e revoga as Diretivas n.os 67/548/CEE e 1999/45/CE e altera o Regulamento (CE) n.º 1907/2006",https://diariodarepublica.pt/dr/legislacao-consolidada/decreto-lei/2012-155903178,,,,,,,,,,,,,,,,,,
Portaria n.º 145/2017,"Regras aplicáveis ao transporte rodoviário, ferroviário, fluvial, marítimo e aéreo de resíduos em território nacional e cria as guias eletrónicas de acompanhamento de resíduos (e-GAR), a emitir no Sistema Integrado de Registo Eletrónico de Resíduos (SIRER)",https://diariodarepublica.pt/dr/legislacao-consolidada/portaria/2017-108332779,,,,,,,,,,,,,,,,,,
Portaria n.º 20/2022,Sistema Integrado de Gestão de Resíduos (SIRER),https://diariodarepublica.pt/dr/detalhe/portaria/20-2022-177160281,,,,,,,,,,,,,,,,,,
Decreto-Lei nº 75/2022 de 31 de outubro de 2022,Poluentes Orgânicos Persistentes,https://diariodarepublica.pt/dr/detalhe/decreto-lei/75-2022-202849025,,,,,,,,,,,,,,,,,,
Decree-Law no. 101-D/2020,Regula o Sistema de Certificação Energética de Edifícios,https://diariodarepublica.pt/dr/legislacao-consolidada/decreto-lei/2020-150571263,,,,,,,,,,,,,,,,,,
"Resolução do Concelho de Ministros nº 31/2023, de 24 de março de 2023",Plano Nacional de Gestão de Resíduos 2030,https://diariodarepublica.pt/dr/detalhe/resolucao-conselho-ministros/31-2023-210923319,,,,,,,,,,,,,,,,,,
Decreto-Lei n.º 107/2009,Regime de protecção das albufeiras de águas públicas de serviço público e das lagoas ou lagos de águas públicas,https://diariodarepublica.pt/dr/detalhe/decreto-lei/107-2009-608704,,,,,,,,,,,,,,,,,,
Regulamento nº 594/2018,Regulamento de Relações Comerciais dos Serviços de Águas e Resíduos - RRCAR,https://diariodarepublica.pt/dr/legislacao-consolidada/regulamento/2018-169069981,,,,,,,,,,,,,,,,,,
Lei n.º 7/2009,Código do Trabalho,https://diariodarepublica.pt/dr/legislacao-consolidada/lei/2009-34546475,,,,,,,,,,,,,,,,,,
Lei n.º 102/2009,Regime jurídico da promoção da segurança e saúde no trabalho,https://diariodarepublica.pt/dr/legislacao-consolidada/lei/2009-56365341,,,,,,,,,,,,,,,,,,
Portaria n.º 53/1971,Regulamento geral de segurança e higiene do trabalho nos estabelecimentos industriais,https://diariodarepublica.pt/dr/detalhe/portaria/53-1971-446313,,,,,,,,,,,,,,,,,,
Portaria n.º 702/1980,Regulamento geral de segurança e higiene do trabalho nos estabelecimentos industriais,https://diariodarepublica.pt/dr/detalhe/portaria/702-1980-460474,,,,,,,,,,,,,,,,,,
Decreto-Lei n.º 347/1993,Prescrições mínimas de segurança e de saúde nos locais de trabalho,https://diariodarepublica.pt/dr/detalhe/decreto-lei/347-1993-646303,,,,,,,,,,,,,,,,,,
Portaria n.º 987/1993,Prescrições mínimas de segurança e de saúde nos locais de trabalho,https://diariodarepublica.pt/dr/detalhe/portaria/987-1993-644973,,,,,,,,,,,,,,,,,,
Lei n.º 42/2012,"Regimes de acesso e de exercício das profissões
 de técnico superior de segurança no trabalho e de técnico de segurança no trabalho",https://diariodarepublica.pt/dr/detalhe/lei/42-2012-174778,,,,,,,,,,,,,,,,,,
Decreto-Lei n.º 182/2006,Prescrições mínimas de segurança e saúde em matéria de exposição dos trabalhadores aos riscos devidos ao ruído,https://diariodarepublica.pt/dr/detalhe/decreto-lei/182-2006-539986,,,,,,,,,,,,,,,,,,
Decreto-Lei n.º 46/2006,Prescrições mínimas de proteção da saúde e segurança dos trabalhadores em caso de exposição aos riscos devidos a vibrações,https://diariodarepublica.pt/dr/detalhe/decreto-lei/46-2006-694051,,,,,,,,,,,,,,,,,,
Decreto-Lei n.º 349/1993,Prescrições mínimas de segurança e de saúde respeitantes ao trabalho com equipamentos dotados de visor,https://diariodarepublica.pt/dr/detalhe/decreto-lei/349-1993-646299,,,,,,,,,,,,,,,,,,
Portaria n.º 989/1993,Prescrições mínimas de segurança e de saúde respeitantes ao trabalho com equipamentos dotados de visor,https://diariodarepublica.pt/dr/detalhe/portaria/989-1993-644961,,,,,,,,,,,,,,,,,,
Decreto-Lei n.º 330/1993,Prescrições mínimas de segurança e de saúde na movimentação manual de cargas,https://diariodarepublica.pt/dr/detalhe/decreto-lei/330-1993-653125,,,,,,,,,,,,,,,,,,
Decreto-Lei n.º 348/1993,Prescrições mínimas de segurança e de saúde dos trabalhadores na utilização de equipamentos de proteção individual,https://diariodarepublica.pt/dr/detalhe/decreto-lei/348-1993-646298,,,,,,,,,,,,,,,,,,
Portaria n.º 988/1993,Prescrições mínimas de segurança e de saúde dos trabalhadores na utilização de equipamento de proteção individual,https://diariodarepublica.pt/dr/legislacao-consolidada/portaria/1993-172878308,,,,,,,,,,,,,,,,,,
Portaria n.º 208/2021,Prescrições mínimas de segurança e de saúde dos trabalhadores na utilização de equipamento de proteção individual,https://diariodarepublica.pt/dr/detalhe/portaria/208-2021-172878297,,,,,,,,,,,,,,,,,,
Portaria n.º 1131/1993,Exigências relativas à saúde e segurança aplicáveis aos Equipamentos de Proteção Individual,https://diariodarepublica.pt/dr/detalhe/portaria/1131-1993-665722,,,,,,,,,,,,,,,,,,
Portaria n.º 109/1996,Exigências relativas à saúde e segurança aplicáveis aos equipamentos de proteção individual,https://diariodarepublica.pt/dr/detalhe/portaria/109-1996-555421,,,,,,,,,,,,,,,,,,
Portaria n.º 695/1997,Exigências relativas à saúde e segurança aplicáveis aos equipamentos de proteção individual,https://diariodarepublica.pt/dr/detalhe/portaria/695-1997-195211,,,,,,,,,,,,,,,,,,
Decreto-Lei n.º 236/2003,"Prescrições mínimas destinadas a promover a melhoria da proteção da segurança e da saúde dos trabalhadores suscetíveis de exposição a riscos derivados de atmosferas
 explosivas no local de trabalho",https://diariodarepublica.pt/dr/detalhe/decreto-lei/236-2003-483650,,,,,,,,,,,,,,,,,,
Decreto-Lei n.º 111-C/2017,Regras de segurança a que devem obedecer os aparelhos e sistemas de proteção destinados a ser utilizados em atmosferas potencialmente explosivas,https://diariodarepublica.pt/dr/legislacao-consolidada/decreto-lei/2017-156968828,,,,,,,,,,,,,,,,,,
Decreto-Lei n.º 84/1997,Proteção da segurança e saúde dos trabalhadores contra os riscos resultantes da exposição a agentes biológicos durante o trabalho,https://diariodarepublica.pt/dr/legislacao-consolidada/decreto-lei/1997-150731524,,,,,,,,,,,,,,,,,,
Lei n.º 52/2018,Proteção da segurança e saúde dos trabalhadores contra os riscos resultantes da exposição a agentes biológicos durante o trabalho,https://diariodarepublica.pt/dr/legislacao-consolidada/lei/2018-116125843,,,,,,,,,,,,,,,,,,
Portaria nº 25/2021,Proteção da segurança e saúde dos trabalhadores contra os riscos resultantes da exposição a agentes biológicos durante o trabalho,https://diariodarepublica.pt/dr/legislacao-consolidada/portaria/2021-158240102,,,,,,,,,,,,,,,,,,
Decreto-Lei n.º 479/1985,Risco cancerígeno para os trabalhadores profissionalmente expostos,https://diariodarepublica.pt/dr/detalhe/decreto-lei/479-1985-171897,,,,,,,,,,,,,,,,,,
Decreto-Lei n.º 301/2000,Proteção dos trabalhadores contra os riscos ligados à exposição a agentes cancerígenos ou mutagénicos durante o trabalho,https://diariodarepublica.pt/dr/legislacao-consolidada/decreto-lei/2000-137784327,,,,,,,,,,,,,,,,,,
Decreto-Lei n.º 24/2012,Prescrições mínimas em matéria de proteção dos trabalhadores contra os riscos para a segurança e a saúde devido à exposição a agentes químicos no trabalho,https://diariodarepublica.pt/dr/legislacao-consolidada/decreto-lei/2012-115495237,,,,,,,,,,,,,,,,,,
Decreto-Lei n.º 266/2007,Proteção sanitária dos trabalhadores contra os riscos de exposição ao amianto durante o trabalho,https://diariodarepublica.pt/dr/detalhe/decreto-lei/266-2007-636752,,,,,,,,,,,,,,,,,,
Decreto-Lei n.º 220/2008,Regime jurídico da segurança contra incêndios em edifícios (SCIE),https://diariodarepublica.pt/dr/legislacao-consolidada/decreto-lei/2008-72828985,,,,,,,,,,,,,,,,,,
Lei n.º 123/2019,Regime jurídico da segurança contra incêndios em edifícios (SCIE),https://diariodarepublica.pt/dr/detalhe/lei/123-2019-125468543,,,,,,,,,,,,,,,,,,
Decreto-Lei n.º 224/2015,Regulamento técnico de segurança contra incêndio em edifícios (SCIE),https://diariodarepublica.pt/dr/detalhe/decreto-lei/224-2015-70497202,,,,,,,,,,,,,,,,,,
Portaria n.º 1532/2008,Regulamento técnico de segurança contra incêndio em edifícios (SCIE),https://diariodarepublica.pt/dr/legislacao-consolidada/portaria/2008-135056016,,,,,,,,,,,,,,,,,,
Portaria n.º 135/2020,Regulamento técnico de segurança contra incêndio em edifícios (SCIE),https://diariodarepublica.pt/dr/legislacao-consolidada/portaria/2020-134889344,,,,,,,,,,,,,,,,,,
Despacho n.º 2074/2009,Critérios técnicos para determinação da densidade de carga de incêndio modificada,https://diariodarepublica.pt/dr/detalhe/despacho/2074-2009-2152772,,,,,,,,,,,,,,,,,,
Decreto-Lei n.º 98/2010,"Regime a que obedece a classificação, embalagem e rotulagem das substâncias perigosas para a saúde humana ou para o ambiente, com vista à sua colocação no mercado",https://diariodarepublica.pt/dr/detalhe/decreto-lei/98-2010-343084,,,,,,,,,,,,,,,,,,
Decreto-Lei n.º 131/2019,Regulamento de Instalação e de Funcionamento de Recipientes sob Pressão Simples e de Equipamentos sob Pressão,https://diariodarepublica.pt/dr/legislacao-consolidada/decreto-lei/2019-147412898,,,,,,,,,,,,,,,,,,
Decreto-Lei n.º 2/1982,Participação de doenças profissionais,https://diariodarepublica.pt/dr/detalhe/decreto-lei/2-1982-553389,,,,,,,,,,,,,,,,,,
Decreto-Lei n.º 106/2017,"Regula a recolha, publicação e divulgação da informação estatística sobre acidentes de trabalho",https://diariodarepublica.pt/dr/legislacao-consolidada/decreto-lei/2017-108200081,,,,,,,,,,,,,,,,,,
Portaria n.º 14/2018,Regula os modelos de participação relativa a acidentes de trabalho,https://diariodarepublica.pt/dr/detalhe/portaria/14-2018-114509690,,,,,,,,,,,,,,,,,,
Decreto Regulamentar n.º 6/2001,Lista das doenças profissionais e respetivo índice codificado,https://diariodarepublica.pt/dr/legislacao-consolidada/decreto-regulamentar/2001-223267475,,,,,,,,,,,,,,,,,,
Lei n.º 98/2009,Regime de reparação de acidentes de trabalho,https://diariodarepublica.pt/dr/legislacao-consolidada/lei/2009-58661980,,,,,,,,,,,,,,,,,,
Portaria n.º 256/2011,Apólice de seguro obrigatório de acidentes de trabalho para trabalhadores por conta de outrem,https://diariodarepublica.pt/dr/detalhe/portaria/256-2011-670511,,,,,,,,,,,,,,,,,,
Portaria n.º 37/1970,Primeiros socorros em acidentes pessoais produzidos por correntes elétricas,https://diariodarepublica.pt/dr/detalhe/portaria/37-1970-227043,,,,,,,,,,,,,,,,,,
Decreto-Lei n.º 103/2008,Colocação no mercado e a entrada em serviço das máquinas bem como a colocação no mercado das quase-máquinas,https://diariodarepublica.pt/dr/legislacao-consolidada/decreto-lei/2008-107720290,,,,,,,,,,,,,,,,,,
Decreto-Lei n.º 214/1995,Condições de utilização e comercialização de máquinas usadas,https://diariodarepublica.pt/dr/legislacao-consolidada/decreto-lei/1995-156104130,,,,,,,,,,,,,,,,,,
Portaria n.º 172/2000,Máquinas usadas com especial perigosidade,https://diariodarepublica.pt/dr/detalhe/portaria/172-2000-508270,,,,,,,,,,,,,,,,,,
Decreto-Lei n.º 50/2005,Prescrições mínimas de segurança e de saúde para a utilização pelos trabalhadores de equipamentos de trabalho,https://diariodarepublica.pt/dr/detalhe/decreto-lei/50-2005-584397,,,,,,,,,,,,,,,,,,
Decreto-Lei n.º 226/2005,Regras técnicas das instalações elétricas de baixa tensão,https://diariodarepublica.pt/dr/legislacao-consolidada/decreto-lei/2005-157031815,,,,,,,,,,,,,,,,,,
Portaria n.º 949-A/2006,Regras técnicas das instalações elétricas de baixa tensão,https://diariodarepublica.pt/dr/legislacao-consolidada/portaria/2006-70055500,,,,,,,,,,,,,,,,,,
Lei n.º 14/2015,Estabelece os requisitos de acesso e exercício da atividade das entidades e profissionais responsáveis pelas instalações elétricas,https://diariodarepublica.pt/dr/detalhe/lei/14-2015-66528823,,,,,,,,,,,,,,,,,,
Decreto-Lei nº 555/99,Regime jurídico da urbanização e edificação - RJUE,https://diariodarepublica.pt/dr/legislacao-consolidada/decreto-lei/1999-34567875,,,,,,,,,,,,,,,,,,
Decreto-Lei nº 277/99,Gestão de PCB's,https://diariodarepublica.pt/dr/legislacao-consolidada/decreto-lei/1999-164798863,,,,,,,,,,,,,,,,,,
Despacho nº 1618/2022 de 9 de fevereiro de 2022,Qualidade do Ar no Interior dos Edifícios,https://diariodarepublica.pt/dr/detalhe/despacho/1618-2022-178882450,,,,,,,,,,,,,,,,,,
Decreto-Lei nº 53/2023 de 5 de julho de 2023,Agenda do Trabalho Digno,https://diariodarepublica.pt/dr/detalhe/decreto-lei/53-2023-215210816,,,,,,,,,,,,,,,,,,
Decreto-Lei n.º 306/2007,Regime da qualidade da água destinada ao consumo humano,https://diariodarepublica.pt/dr/legislacao-consolidada/decreto-lei/2007-114324026,,,,,,,,,,,,,,,,,,
"Decreto-Lei nº 69/2023, de 21 de agosto de 2023",Qualidade da água destinada ao consumo humano,https://diariodarepublica.pt/dr/detalhe/decreto-lei/69-2023-220113533,,,,,,,,,,,,,,,,,,
"Portaria nº 254/2023, de 4 de agosto de 2023",Radioatividade,https://diariodarepublica.pt/dr/detalhe/portaria/254-2023-216714709,,,,,,,,,,,,,,,,,,
"Portaria nº 283/2023, de 18 de setembro de 2023",Transporte de Mercadorias Perigosas,https://diariodarepublica.pt/dr/detalhe/portaria/283-2023-221691631,,,,,,,,,,,,,,,,,,
Decreto-Lei nº 108/2018,Radioatividade,https://diariodarepublica.pt/dr/legislacao-consolidada/decreto-lei/2018-117202808,,,,,,,,,,,,,,,,,,
Aviso n.º 500/2016,Regulamento de Serviço de Saneamento de Águas Residuais Urbanas,https://diariodarepublica.pt/dr/detalhe/aviso/500-2016-73184047,,,,,,,,,,,,,,,,,,
Aviso n.º 53/2016,Regulamento Municipal de Resíduos Sólidos e Limpeza Pública,https://diariodarepublica.pt/dr/detalhe/aviso/53-2016-73013268,,,,,,,,,,,,,,,,,,
Aviso n.º 15092/2015,Regulamento do Serviço de Abastecimento Público de Água,https://diariodarepublica.pt/dr/detalhe/aviso/15092-2015-72966556,,,,,,,,,,,,,,,,,,
Aviso n.º 12657/2007,Regulamento de Utilização das Redes de Percursos Ambientais,https://diariodarepublica.pt/dr/detalhe/aviso/12657-2007-3256091,,,,,,,,,,,,,,,,,,
